Symbol,Name,Last,Change,%Chg,High,Low,Volume,Time
A,Agilent Technologies,145.56,-0.32,-0.22%,145.87,145.15,23651,09:45 ET
AAL,American Airlines Gp,15.02,0.1,0.67%,15.06,14.93,771606,09:46 ET
AAPL,Apple Inc,170.49,-0.36,-0.21%,170.41,169.65,4820582,09:46 ET
ABBV,Abbvie Inc,179.45,0.92,0.52%,179.55,178.75,135568,09:45 ET
ABNB,Airbnb Inc Cl A,168.94,0.95,0.57%,170,169.26,181080,09:46 ET
ABT,Abbott Laboratories,110.5,0.49,0.45%,110.49,110,42447,09:46 ET
ACGL,Arch Capital Grp Ltd,90.33,-0.66,-0.73%,90.94,90.48,15355,09:45 ET
ACN,Accenture Plc,335.77,1.95,0.58%,335.93,334.34,80239,09:46 ET
ADBE,Adobe Systems Inc,505.39,-1.84,-0.36%,508.6,504.02,141519,09:45 ET
ADI,Analog Devices,191.34,0.71,0.37%,191.93,190.63,40651,09:46 ET
ADM,Archer Daniels Midland,61.87,-0.64,-1.02%,62.61,61.8,91890,09:46 ET
ADP,Automatic Data Procs,244.74,0.54,0.22%,244.79,243.4,32931,09:46 ET
ADSK,Autodesk Inc,262.3,0.73,0.28%,263.35,262.02,25627,09:45 ET
AEE,Ameren Corp,71.69,0.25,0.35%,71.54,71.34,9662,09:42 ET
AEP,American Electric Power Company,83,0.13,0.16%,83.01,82.79,30889,09:46 ET
AES,The Aes Corp,16.65,0.2,1.22%,16.82,16.49,2274812,09:46 ET
AFL,Aflac Inc,84.85,0.04,0.05%,84.98,84.33,33201,09:44 ET
AIG,American International Group,76.98,0.39,0.51%,77,76.43,70972,09:46 ET
AIZ,Assurant Inc,182.58,1.09,0.60%,182.49,181.32,3329,09:44 ET
AJG,Arthur J. Gallagher & Company,245.53,-0.05,-0.02%,245.4,244.78,8020,09:44 ET
AKAM,Akamai Technologies,108.78,0.22,0.20%,109.11,108.91,17568,09:44 ET
ALB,Albemarle Corp,119.61,1.26,1.06%,120,118.6,194894,09:45 ET
ALGN,Align Technology,320.54,1.26,0.39%,322.82,320.86,8213,09:45 ET
ALL,Allstate Corp,170.36,1.39,0.82%,170.8,169.13,83013,09:46 ET
ALLE,Allegion Plc,133.18,0.27,0.20%,133.55,133.18,2479,09:39 ET
AMAT,Applied Materials,210.85,2.39,1.15%,210.29,209.21,99304,09:46 ET
AMCR,Amcor Plc,9.29,0,0.00%,9.32,9.27,359573,09:45 ET
AMD,Adv Micro Devices,177.69,-0.94,-0.53%,180.43,178.8,2173579,09:46 ET
AME,Ametek Inc,182.95,0.19,0.10%,182.87,181.79,17398,09:46 ET
AMGN,Amgen Inc,283.64,2.82,1.00%,284.48,281.9,104414,09:46 ET
AMP,Ameriprise Financial Services,432.26,0.75,0.17%,431.67,431.67,2667,09:44 ET
AMT,American Tower Corp,194.67,-0.89,-0.46%,195.3,194.27,78388,09:45 ET
AMZN,Amazon.com Inc,179.77,0.06,0.03%,180.45,179.48,2056561,09:46 ET
ANET,Arista Networks Inc,302,-3.5,-1.15%,304.79,297.19,199213,09:46 ET
ANSS,Ansys Inc,350.98,3.46,1.00%,350.92,347.79,14898,09:44 ET
AON,AON Plc,328.98,1.4,0.43%,328.97,325.74,8851,09:44 ET
AOS,Smith A.O. Corp,88.47,0.43,0.49%,88.59,87.77,14574,09:45 ET
APA,Apa Corp,34.36,-0.23,-0.66%,34.8,34.42,239830,09:46 ET
APD,Air Products and Chemicals,238.08,0.52,0.22%,239.14,238.18,25085,09:45 ET
APH,Amphenol Corp,114.7,0.48,0.42%,115.26,114.45,75891,09:46 ET
APTV,Aptiv Plc,78.89,-0.2,-0.25%,79.6,78.75,61591,09:46 ET
ARE,Alexandria Real Estate Equities,126.51,0.04,0.03%,127.07,126.48,18199,09:45 ET
ATO,Atmos Energy Corp,115.95,-0.15,-0.13%,116.12,115.73,9007,09:45 ET
AVB,Avalonbay Communities,181.54,-0.47,-0.26%,182.43,181.74,12571,09:44 ET
AVGO,Broadcom Ltd,1367.9,16.32,1.21%,1369.06,1360.07,103557,09:45 ET
AVY,Avery Dennison Corp,218,0.69,0.32%,218.6,217.44,17507,09:40 ET
AWK,American Water Works,116.75,-0.39,-0.33%,117.04,116.62,54887,09:45 ET
AXON,Axon Enterprise Inc,317.55,2.08,0.66%,318.07,314.76,12056,09:46 ET
AXP,American Express Company,225.16,-0.87,-0.38%,226.73,225.46,76009,09:45 ET
AZO,Autozone,3173.53,2.71,0.09%,3166.58,3166.58,1236,09:45 ET
BA,Boeing Company,190,-1.41,-0.74%,192.03,188.61,385827,09:46 ET
BAC,Bank of America Corp,36.88,0.02,0.05%,37.03,36.8,1071160,09:46 ET
BALL,Ball Corporation,66.62,0.12,0.18%,66.73,66.19,35186,09:46 ET
BAX,Baxter International Inc,41.88,0.09,0.22%,41.9,41.62,28235,09:46 ET
BBWI,Bath & Body Works Inc,47.56,0.76,1.62%,47.64,47.02,29472,09:45 ET
BBY,Best Buy Company,81.27,0.55,0.68%,81.79,80.57,48509,09:45 ET
BDX,Becton Dickinson and Company,241.82,0.15,0.06%,242.86,242.01,10775,09:44 ET
BEN,Franklin Resources,27.45,0.14,0.51%,27.5,27.44,30856,09:45 ET
BF.B,Brown Forman Inc Cl B,51.03,0.17,0.33%,51.27,51.14,11081,09:45 ET
BG,Bunge Ltd,99.69,-0.25,-0.25%,100.21,99.835,10052,09:43 ET
BIIB,Biogen Inc,216.08,-0.61,-0.28%,216.67,216.15,12644,09:45 ET
BIO,Bio-Rad Laboratories,342.91,1.8,0.53%,342.77,342.77,3056,09:40 ET
BK,Bank of New York Mellon Corp,56.66,0.12,0.21%,56.99,56.58,42320,09:46 ET
BKNG,Booking Holdings Inc,3646.83,19.89,0.55%,3649,3640.6042,2970,09:46 ET
BKR,Baker Hughes Company,33.21,-0.08,-0.24%,33.31,33.21,70885,09:45 ET
BLDR,Builders Firstsource,211.64,2.86,1.37%,210.26,209.01,15762,09:44 ET
BLK,Blackrock Inc,818.15,1.94,0.24%,819.47,819.47,5869,09:43 ET
BMY,Bristol-Myers Squibb Company,52.14,-0.11,-0.21%,52.51,52.36,142510,09:46 ET
BR,Broadridge Financial Solutions Llc,202.23,-0.11,-0.05%,202.76,200.82,5759,09:44 ET
BRK.B,Berkshire Hathaway Cl B,409.34,-0.58,-0.14%,410,409.4181,72529,09:46 ET
BRO,Brown & Brown,85.84,-0.06,-0.07%,85.7,85.5824,16136,09:44 ET
BSX,Boston Scientific Corp,67.61,0.32,0.48%,67.64,67.37,79874,09:46 ET
BWA,Borgwarner Inc,32.99,-0.18,-0.54%,33.31,33.17,14903,09:46 ET
BX,Blackstone Inc,129.91,1.07,0.83%,129.82,129.33,60925,09:46 ET
BXP,Boston Properties,62.81,-0.08,-0.13%,63.21,63.08,7904,09:44 ET
C,Citigroup Inc,61.35,0.4,0.66%,61.359,61,337766,09:46 ET
CAG,Conagra Brands Inc,29.21,0.12,0.41%,29.14,29.1,30427,09:46 ET
CAH,Cardinal Health,110.97,-0.04,-0.04%,111.235,111,14295,09:45 ET
CARR,Carrier Global Corp,57.33,-0.04,-0.07%,57.39,57.18,29958,09:46 ET
CAT,Caterpillar Inc,358.47,2.52,0.71%,357.38,356,49804,09:46 ET
CB,Chubb Ltd,255.4,-0.21,-0.08%,254.78,254.41,137598,09:46 ET
CBOE,CBOE Global Markets Inc,179.87,0.27,0.15%,180.005,179.125,16715,09:46 ET
CBRE,CBRE Group Inc,95.72,0.01,0.01%,96.14,95.52,6292,09:42 ET
CCI,Crown Castle Inc,102.97,-0.55,-0.53%,103.39,103.04,26440,09:45 ET
CCL,Carnival Corp,17.3,0.19,1.11%,17.62,17.44,2056627,09:46 ET
CDNS,Cadence Design Sys,319.89,3.68,1.16%,318.33,317,29006,09:46 ET
CDW,CDW Corp,255.26,1.41,0.56%,254.31,253.96,5988,09:46 ET
CE,Celanese Corp,168.74,0.83,0.49%,168.435,168.26,3259,09:45 ET
CEG,Constellation Energy Corp,195.92,8.66,4.62%,193.45,189.62,96073,09:46 ET
CF,Cf Industries Holdings,83,-0.01,-0.01%,82.9615,82.75,11469,09:45 ET
CFG,Citizens Financial Group Inc/Ri,35.3,0.01,0.03%,35.665,35.495,28416,09:46 ET
CHD,Church & Dwight Company,103.36,0.37,0.36%,103.66,103.49,11208,09:45 ET
CHRW,C.H. Robinson Ww,73.85,-0.97,-1.30%,74.948,74.73,11716,09:46 ET
CHTR,Charter Communications Inc,289.81,-0.79,-0.27%,291.285,290.58,6411,09:46 ET
CI,The Cigna Group,356.34,0.79,0.22%,355.04,354.94,9760,09:45 ET
CINF,Cincinnati Financial,120.58,-0.18,-0.15%,120.55,120.55,6997,09:45 ET
CL,Colgate-Palmolive Company,89,0.36,0.41%,88.84,88.675,44198,09:46 ET
CLX,Clorox Company,151.35,0.83,0.55%,151.75,151.1,163258,09:45 ET
CMA,Comerica Inc,52.25,0.19,0.36%,52.5,52.41,10581,09:45 ET
CMCSA,Comcast Corp A,42.22,-0.42,-0.98%,42.66,42.49,218913,09:46 ET
CME,CME Group Inc,213.64,-1.55,-0.72%,215.18,214.71,14731,09:45 ET
CMG,Chipotle Mexican Grill,2928.8,25.36,0.87%,2923.4199,2921.625,5769,09:45 ET
CMI,Cummins Inc,288.37,0.61,0.21%,287.94,287.66,7631,09:45 ET
CMS,Cms Energy Corp,58.64,0.03,0.05%,58.635,58.63,14248,09:46 ET
CNC,Centene Corp,77.43,0.36,0.47%,76.75,76.75,436,09:45 ET
CNP,Centerpoint Energy Inc,27.49,-0.11,-0.40%,27.61,27.57,53417,09:46 ET
COF,Capital One Financial Corp,140.84,0.29,0.21%,141.09,140.85,32003,09:46 ET
COO,Cooper Companies,101.24,0.37,0.37%,101.05,100.87,5794,09:44 ET
COP,Conocophillips,125.83,-0.4,-0.32%,126.75,126.3,76338,09:46 ET
COR,Cencora Inc,242.27,0.21,0.09%,242.06,241.95,9563,09:45 ET
COST,Costco Wholesale,733.8,2.84,0.39%,731.46,730.2201,29041,09:46 ET
CPB,Campbell Soup Company,43.31,-0.06,-0.14%,43.51,43.38,14557,09:46 ET
CPRT,Copart Inc,57.16,-0.02,-0.03%,57.325,57.03,62053,09:46 ET
CPT,Camden Property Trust,97.47,-0.03,-0.03%,97.5,97.24,5363,09:46 ET
CRL,Charles River Laboratories Intl,266.45,0.84,0.32%,265.64,265.64,2150,09:45 ET
CRM,Salesforce Inc,306.28,0.22,0.07%,307.8,306.83,150708,09:46 ET
CSCO,Cisco Systems Inc,49.58,-0.1,-0.20%,49.65,49.51,240088,09:46 ET
CSGP,Costar Group Inc,95.4,-0.42,-0.44%,96.495,95.855,40549,09:45 ET
CSX,CSX Corp,36.24,-0.6,-1.63%,35.97,35.7,1047321,09:46 ET
CTAS,Cintas Corp,635.73,0.07,0.01%,635.72,635.72,3535,09:44 ET
CTLT,Catalent Inc,56.46,0.06,0.11%,56.5,56.2822,14272,09:45 ET
CTRA,Coterra Energy Inc,27.83,0.01,0.04%,27.955,27.89,70068,09:46 ET
CTSH,Cognizant Tech Sol,71.98,-0.03,-0.04%,72.25,72,35280,09:45 ET
CTVA,Corteva Inc,56.01,0.38,0.68%,55.7,55.7,1274,09:46 ET
CVS,CVS Corp,78.68,-0.3,-0.38%,78.5,77.66,1150017,09:46 ET
CVX,Chevron Corp,155.91,-0.56,-0.36%,156.53,156.46,14914,09:46 ET
CZR,Caesars Entertainment Inc,42.97,1.25,3.00%,42.315,42.08,14913,09:46 ET
D,Dominion Energy Inc,47.9,-0.35,-0.73%,48.27,48.03,161478,09:46 ET
DAL,Delta Air Lines Inc,45.8,0.38,0.84%,45.6199,45.44,110826,09:46 ET
DAY,Dayforce Inc,67.05,0.33,0.49%,67.28,67.28,6316,09:45 ET
DD,Dupont Denemours Inc,76.11,0.17,0.22%,76.11,76,1180,09:46 ET
DE,Deere & Company,398.87,0.84,0.21%,398.73,397.54,25116,09:45 ET
DECK,Deckers Outdoor Corp,935.45,2.86,0.31%,931.98,930.76,7038,09:41 ET
DFS,Discover Financial Services,125.5,0.24,0.19%,125.5,125.19,10576,09:46 ET
DG,Dollar General Corp,150.84,0.06,0.04%,151.67,150.51,16967,09:46 ET
DGX,Quest Diagnostics Inc,129.43,0.15,0.12%,129.62,128.74,7340,09:45 ET
DHI,D.R. Horton,160.49,0.71,0.44%,160.41,159.81,20575,09:45 ET
DHR,Danaher Corp,248.56,0.76,0.31%,247.9633,247.27,32616,09:45 ET
DIS,Walt Disney Company,119.09,-0.27,-0.23%,119.63,119.43,56733,09:46 ET
DLR,Digital Realty Trust,138.69,0.86,0.62%,138.425,137.86,27823,09:45 ET
DLTR,Dollar Tree Inc,126.31,0.16,0.13%,126.25,125.78,18910,09:46 ET
DOC,Healthpeak Properties Inc,17.54,0.04,0.23%,17.69,17.52,55717,09:46 ET
DOV,Dover Corp,175.69,0.33,0.19%,176.67,175.53,5191,09:43 ET
DOW,Dow Inc,57.4,0.01,0.02%,57.69,57.465,56805,09:46 ET
DPZ,Domino's Pizza Inc,473.38,8.27,1.78%,471.44,467.34,9471,09:46 ET
DRI,Darden Restaurants,163.75,1.05,0.65%,163.72,163.39,7761,09:45 ET
DTE,Dte Energy Company,108.66,0.24,0.22%,108.5359,108.47,6223,09:45 ET
DUK,Duke Energy Corp,94.69,-0.15,-0.16%,94.89,94.75,46703,09:46 ET
DVA,Davita Healthcare Partners Inc,135.4,0.63,0.47%,135,134.795,6860,09:45 ET
DVN,Devon Energy Corp,49.11,0.06,0.12%,49.24,49.12,104042,09:46 ET
DXCM,Dexcom Inc,140.81,0.71,0.51%,142,140.57,77701,09:45 ET
EA,Electronic Arts Inc,131.1,0.58,0.44%,130.69,130.36,17959,09:45 ET
EBAY,Ebay Inc,51.11,-0.12,-0.23%,51.49,51.32,75411,09:46 ET
ECL,Ecolab Inc,227.78,0.71,0.31%,227.11,226.72,14963,09:46 ET
ED,Consolidated Edison Company,88.41,-0.09,-0.10%,88.505,88.375,16845,09:45 ET
EFX,Equifax Inc,261.63,0.57,0.22%,262.66,262.43,2470,09:37 ET
EG,Everest Re Group,388.18,-3.72,-0.95%,393.47,391,3776,09:45 ET
EIX,Edison International,69.08,-0.15,-0.22%,69.325,69.2,13235,09:45 ET
EL,Estee Lauder Companies,140.2,1.03,0.74%,140.96,139.82,81420,09:46 ET
ELV,Elevance Health Inc,512.93,2.57,0.50%,511.5,511.37,11025,09:44 ET
EMN,Eastman Chemical Company,99.43,0.17,0.17%,99.68,99.31,14595,09:46 ET
EMR,Emerson Electric Company,111.9,0.17,0.15%,111.6866,111.6115,22572,09:46 ET
ENPH,Enphase Energy Inc,112.03,0.98,0.88%,113.171,112.3025,64600,09:46 ET
EOG,Eog Resources,126.86,-0.39,-0.31%,127.73,127.3,31589,09:46 ET
EPAM,Epam Systems Inc,268.14,0.8,0.30%,269.225,268.53,5828,09:45 ET
EQIX,Equinix Inc,804.25,11.73,1.48%,799.25,792.32,25105,09:45 ET
EQR,Equity Residential,61.44,-0.09,-0.15%,61.55,61.375,12202,09:46 ET
EQT,Eqt Corp,35.13,0.31,0.89%,35.17,35.02,98077,09:46 ET
ES,Eversource Energy,57.29,-0.23,-0.40%,57.82,57.29,35775,09:45 ET
ESS,Essex Property Trust,239.45,-0.08,-0.03%,240.465,239.85,3506,09:45 ET
ETN,Eaton Corp,313.82,1.94,0.62%,311.66,311.46,32954,09:46 ET
ETR,Entergy Corp,103.16,0.07,0.07%,103.02,103.02,12709,09:46 ET
ETSY,Etsy Inc,65.99,0.24,0.37%,66.35,65.94,45087,09:45 ET
EVRG,Evergy Inc,51.72,0.3,0.58%,51.74,51.53,42265,09:46 ET
EW,Edwards Lifesciences Corp,93.82,0.66,0.71%,93.95,93.47,32751,09:45 ET
EXC,Exelon Corp,36.91,0.06,0.16%,36.84,36.76,42246,09:46 ET
EXPD,Expeditors Intl,119.76,-0.3,-0.25%,120.685,120.41,7613,09:45 ET
EXPE,Expedia Group Inc,137.99,0.68,0.50%,138.5,138,80865,09:46 ET
EXR,Extra Space Storage Inc,140.84,0.34,0.24%,140.6,140.48,19966,09:40 ET
F,Ford Motor Company,12.81,-0.09,-0.70%,12.96,12.9,777416,09:46 ET
FANG,Diamondback Energy,196.45,-0.14,-0.07%,197.85,196.55,37878,09:46 ET
FAST,Fastenal Company,77.09,0.08,0.10%,77.26,77.01,26431,09:46 ET
FCX,Freeport-Mcmoran Inc,45.24,-0.11,-0.24%,45.49,45.34,15052,09:46 ET
FDS,Factset Research Systems Inc,443.87,-0.86,-0.19%,445.58,444.19,1799,09:46 ET
FDX,Fedex Corp,287.74,5.17,1.83%,284.315,282.855,93838,09:46 ET
FE,Firstenergy Corp,38.35,-0.01,-0.03%,38.3,38.25,33743,09:46 ET
FFIV,F5 Inc,188.48,-0.05,-0.03%,188.48,188.48,2079,09:30 ET
FI,Fiserv Inc,157.92,1.14,0.73%,157.99,157.1,38217,09:45 ET
FICO,Fair Isaac and Company,1275.96,9.35,0.74%,1277.1899,1277.1899,1114,09:45 ET
FIS,Fidelity National Information Services,71.49,0.4,0.56%,71.325,71.16,31355,09:45 ET
FITB,Fifth Third Bancorp,36.35,0.1,0.28%,36.45,36.29,48900,09:46 ET
FMC,FMC Corp,63.17,0.35,0.56%,63.48,63,20703,09:43 ET
FOX,Fox Corp Cl B,27.6,0.06,0.22%,27.595,27.51,15468,09:46 ET
FOXA,Fox Corp Cl A,30.34,0.12,0.40%,30.35,30.25,14201,09:46 ET
FRT,Federal Realty Investment Trust,98.93,-0.1,-0.10%,99.64,99.085,10815,09:45 ET
FSLR,First Solar Inc,156.2,1.43,0.92%,155.99,155.36,27945,09:46 ET
FTNT,Fortinet Inc,67.58,-0.31,-0.46%,68.06,67.7,40414,09:46 ET
FTV,Fortive Corp,84.96,0.53,0.63%,84.68,83.89,93822,09:45 ET
GD,General Dynamics Corp,280.12,1.14,0.41%,278.81,278.64,8526,09:44 ET
GE,General Electric Company,174.44,0.95,0.55%,173.845,172.9202,90229,09:46 ET
GEHC,Ge Healthcare Technologies Inc,88.17,-0.11,-0.12%,88.91,88.0803,72353,09:46 ET
GEN,Gen Digital Inc,21.75,0.09,0.41%,21.84,21.73,25895,09:46 ET
GILD,Gilead Sciences Inc,72.39,-0.19,-0.26%,72.55,72.32,144302,09:46 ET
GIS,General Mills,69.09,-0.05,-0.07%,69.23,69.05,29902,09:46 ET
GL,Globe Life Inc,116.34,-0.08,-0.07%,116.24,116.24,4875,09:43 ET
GLW,Corning Inc,32.57,0.1,0.31%,32.69,32.5,41220,09:46 ET
GM,General Motors Company,43.64,0.09,0.21%,43.74,43.65,181870,09:46 ET
GNRC,Generac Holdings Inc,118.72,0.71,0.60%,117.52,117.1628,204875,09:46 ET
GOOG,Alphabet Cl C,151.36,0.21,0.14%,151.59,151.03,603492,09:46 ET
GOOGL,Alphabet Cl A,150.31,0.24,0.16%,150.55,149.98,985681,09:46 ET
GPC,Genuine Parts Company,153.28,-0.33,-0.21%,153.56,153.56,7149,09:45 ET
GPN,Global Payments Inc,134.83,2.17,1.64%,133.485,133.115,41957,09:46 ET
GRMN,Garmin Ltd,147.35,0.67,0.46%,146.52,146.52,5833,09:44 ET
GS,Goldman Sachs Group,405.88,0.94,0.23%,406.47,406,24096,09:46 ET
GWW,W.W. Grainger,1008.67,0.93,0.09%,1006.8,1006.8,1958,09:34 ET
HAL,Halliburton Company,38.74,-0.08,-0.21%,38.94,38.84,55644,09:46 ET
HAS,Hasbro Inc,55.92,0.18,0.32%,56.16,55.915,12184,09:45 ET
HBAN,Huntington Bcshs,13.42,0.05,0.37%,13.4392,13.38,74500,09:46 ET
HCA,Hca Holdings Inc,327.97,0.65,0.20%,327.21,326.31,13939,09:46 ET
HD,Home Depot,382.93,-0.58,-0.15%,382.77,381.5,49842,09:46 ET
HES,Hess Corp,151.32,-0.06,-0.04%,151.925,151.81,3815,09:46 ET
HIG,Hartford Financial Services Group,100.47,-0.2,-0.20%,100.97,100.5,22213,09:46 ET
HII,Huntington Ingalls Industries,292.44,1.64,0.56%,291.165,290.18,2944,09:41 ET
HLT,Hilton Inc,213.04,2.92,1.39%,212.82,212.82,17576,09:45 ET
HOLX,Hologic Inc,75.53,-0.12,-0.16%,75.9,75.375,7900,09:43 ET
HON,Honeywell International Inc,199.32,0.84,0.42%,198.2,197.75,28230,09:46 ET
HPE,Hewlett Packard Enterprise Comp,17.51,0.09,0.52%,17.53,17.48,86685,09:46 ET
HPQ,HP Inc,30.09,0.21,0.70%,30.11,30,73787,09:46 ET
HRL,Hormel Foods Corp,34.53,0.31,0.91%,34.37,34.33,23132,09:46 ET
HSIC,Henry Schein Inc,73.08,0.19,0.26%,73.1,72.72,13686,09:45 ET
HST,Host Marriott Financial Trust,20.58,0.02,0.10%,20.66,20.55,92108,09:46 ET
HSY,Hershey Foods Corp,189.71,-2.55,-1.33%,191.42,189.11,85466,09:45 ET
HUBB,Hubbell Inc B,415.17,2.05,0.50%,412.46,411.06,1758,09:45 ET
HUM,Humana Inc,348.16,1.07,0.31%,349.0908,348.635,8913,09:44 ET
HWM,Howmet Aerospace Inc,67.59,0.23,0.34%,67.79,67.28,28512,09:45 ET
IBM,International Business Machines,188.95,0.16,0.08%,189.23,188.91,92208,09:46 ET
ICE,Intercontinental Exchange,136.6,0.79,0.58%,136.23,135.99,35376,09:46 ET
IDXX,Idexx Laboratories,530.41,0.7,0.13%,528.655,526.1501,3785,09:46 ET
IEX,Idex Corp,241.81,-0.16,-0.07%,241.74,241.74,3649,09:45 ET
IFF,International Flavors & Fragrances,81.7,-0.31,-0.38%,82.28,81.975,14299,09:46 ET
ILMN,Illumina Inc,134.72,0.66,0.49%,135.39,134.43,7680,09:45 ET
INCY,Incyte Corp,57.19,-0.29,-0.50%,57.555,57.48,8060,09:45 ET
INTC,Intel Corp,42.07,0.24,0.57%,42.15,41.869,976972,09:46 ET
INTU,Intuit Inc,641.39,2.3,0.36%,642.16,639.5,160931,09:45 ET
INVH,Invitation Homes Inc,34.31,-0.07,-0.20%,34.36,34.2,34133,09:46 ET
IP,International Paper Company,41.12,0.27,0.66%,41.12,40.81,59373,09:46 ET
IPG,Interpublic Group of Companies,32.39,-0.02,-0.06%,32.53,32.36,27445,09:46 ET
IQV,Iqvia Holdings Inc,248.51,-0.37,-0.15%,249.85,249.85,4919,09:46 ET
IR,Ingersoll Rand Inc,94.65,0.17,0.18%,94.41,94.19,10797,09:45 ET
IRM,Iron Mountain Inc,78.25,0.08,0.10%,78.34,77.85,38892,09:45 ET
ISRG,Intuitive Surg Inc,395.01,3.3,0.84%,394.99,393.15,22786,09:46 ET
IT,Gartner Inc,478.69,5.08,1.07%,476.025,473.14,4581,09:39 ET
ITW,Illinois Tool Works Inc,266.29,0.43,0.16%,266.15,265.48,14301,09:46 ET
IVZ,Invesco Plc,16.07,0.07,0.44%,16.169,16.12,20528,09:46 ET
J,Jacobs Engineering Group Inc,150.51,0.43,0.29%,150.77,150.22,7312,09:44 ET
JBHT,J B Hunt Transport,192.97,0.97,0.51%,193.09,192.09,4559,09:45 ET
JBL,Jabil Circuit,134.38,3.04,2.31%,133.84,132.21,23453,09:46 ET
JCI,Johnson Controls Intl,63.77,0.14,0.22%,63.8,63.63,51178,09:46 ET
JKHY,Jack Henry & Assoc,166.62,0.87,0.52%,166.295,165.94,4180,09:45 ET
JNJ,Johnson & Johnson,155.69,0.47,0.30%,155.64,155.26,133659,09:46 ET
JNPR,Juniper Networks,37.08,0.01,0.03%,37.1,37.05,20697,09:45 ET
JPM,JP Morgan Chase & Company,195.15,0.33,0.17%,194.92,194.29,154012,09:46 ET
K,Kellanova,55.94,0.29,0.52%,56.08,55.65,49710,09:46 ET
KDP,Keurig Dr Pepper Inc,30.69,0.21,0.69%,30.575,30.44,120730,09:46 ET
KEY,Keycorp,15.26,0.07,0.46%,15.31,15.23,121827,09:46 ET
KEYS,Keysight Technologies Inc,154.14,1.56,1.02%,153.05,152.88,18901,09:46 ET
KHC,Kraft Heinz Company,36.44,0.26,0.72%,36.39,36.27,136832,09:46 ET
KIM,Kimco Realty Corp,18.88,0.04,0.21%,18.93,18.87,20529,09:46 ET
KLAC,K L A-Tencor Corp,707.29,7.56,1.08%,705.245,704.785,14075,09:46 ET
KMB,Kimberly-Clark Corp,125.5,0.32,0.26%,125.6,125.347,17185,09:46 ET
KMI,Kinder Morgan,17.95,-0.02,-0.11%,18,17.98,168337,09:46 ET
KMX,Carmax Inc,86.46,0.68,0.79%,86.64,86.11,15197,09:45 ET
KO,Coca-Cola Company,60.62,0.22,0.36%,60.55,60.43,219420,09:46 ET
KR,Kroger Company,56.15,0.19,0.34%,56.19,56.04,47265,09:46 ET
KVUE,Kenvue Inc,20.68,0.03,0.15%,20.73,20.69,50294,09:46 ET
L,Loews Corp,76.91,-0.08,-0.10%,77,76.85,3764,09:46 ET
LDOS,Leidos Holdings Inc,128.57,0.35,0.27%,128.07,128.07,7285,09:44 ET
LEN,Lennar Corp,167.1,1.06,0.64%,166.86,166.35,14090,09:46 ET
LH,Laboratory Corp of America Holdings,213.66,-0.09,-0.04%,213.75,213.75,4900,09:36 ET
LHX,L3Harris Technologies Inc,212.33,0.64,0.30%,211.91,211.91,12763,09:46 ET
LIN,Linde Plc,466.47,-0.43,-0.09%,466.66,464.94,25570,09:46 ET
LKQ,LKQ Corp,52.32,0.09,0.17%,52.35,52.31,6598,09:45 ET
LLY,Eli Lilly and Company,771.74,-1.4,-0.18%,775,771.01,58173,09:46 ET
LMT,Lockheed Martin Corp,448.14,1.83,0.41%,447.015,446.26,15726,09:45 ET
LNT,Alliant Energy Corp,48.62,-0.01,-0.02%,48.725,48.55,9654,09:44 ET
LOW,Lowe's Companies,253.37,-0.63,-0.25%,253.47,253.04,34945,09:46 ET
LRCX,Lam Research Corp,985.93,14.47,1.49%,980.5,979.1065,12357,09:46 ET
LULU,Lululemon Athletica,391.46,2.56,0.66%,393.66,390.8525,134359,09:46 ET
LUV,Southwest Airlines Company,28.65,0.14,0.49%,28.795,28.69,176154,09:46 ET
LVS,Las Vegas Sands,50.95,0.63,1.25%,51.18,50.665,65321,09:46 ET
LW,Lamb Weston Holdings Inc,103.67,1.02,0.99%,103.18,102.76,3909,09:44 ET
LYB,Lyondellbasell Industries NV,100.99,0.5,0.50%,101.96,101.1512,87012,09:46 ET
LYV,Live Nation Entertainment,105.85,-0.25,-0.24%,106.75,106.08,9406,09:46 ET
MA,Mastercard Inc,473.07,-2.97,-0.62%,478.91,477,51554,09:46 ET
MAA,Mid-America Apartment Communities,130.11,0.11,0.08%,130.14,129.93,2459,09:43 ET
MAR,Marriot Int Cl A,253.42,1.31,0.52%,253.95,253.16,14260,09:46 ET
MAS,Masco Corp,76.58,0.57,0.75%,76.13,75.96,17204,09:45 ET
MCD,McDonald's Corp,278.18,-0.44,-0.16%,279.28,278.37,47917,09:46 ET
MCHP,Microchip Technology,88.22,0.57,0.65%,88.36,88,21972,09:46 ET
MCK,Mckesson Corp,533.18,0.63,0.12%,533,532.14,6177,09:45 ET
MCO,Moody's Corp,387.48,0.91,0.24%,389.58,387.65,11545,09:45 ET
MDLZ,Mondelez Intl Inc,70.26,-0.59,-0.83%,70.8,70.68,112453,09:46 ET
MDT,Medtronic Inc,83.24,0.27,0.32%,83.555,83.37,82328,09:45 ET
MET,Metlife Inc,73.05,-0.05,-0.07%,72.94,72.76,41000,09:46 ET
META,Meta Platforms Inc,508.89,5.87,1.17%,508,505,333882,09:46 ET
MGM,MGM Resorts International,45.58,1.03,2.31%,45.36,45.09,71416,09:46 ET
MHK,Mohawk Industries,126.57,0.92,0.73%,126.5,126.08,2620,09:36 ET
MKC,Mccormick & Company,76.2,6.26,8.95%,75.1,74.5,240598,09:46 ET
MKTX,Marketaxess Holdings,219.23,-0.39,-0.18%,220.89,220.89,2318,09:45 ET
MLM,Martin Marietta Materials,605.63,0.82,0.14%,605.45,604.36,2001,09:43 ET
MMC,Marsh & Mclennan Companies,203.62,0.54,0.27%,203.34,202.95,13735,09:43 ET
MMM,3M Company,104.18,-0.66,-0.63%,104.23,103.96,20485,09:45 ET
MNST,Monster Beverage Cp,59.46,0.37,0.63%,59.43,59.12,60607,09:46 ET
MO,Altria Group,43.38,0.12,0.28%,43.25,43.09,150427,09:46 ET
MOH,Molina Healthcare Inc,415.08,2.56,0.62%,412.5,412.5,1918,09:38 ET
MOS,Mosaic Company,31.17,-0.12,-0.38%,30.9,30.57,290560,09:46 ET
MPC,Marathon Petroleum Corp,199.18,-0.65,-0.33%,200.74,199.28,35348,09:46 ET
MPWR,Monolithic Power Sys,674.64,5.27,0.79%,677.5,671.5601,2722,09:45 ET
MRK,Merck & Company,125.22,-0.09,-0.07%,125.905,125.75,4367,09:46 ET
MRNA,Moderna Inc,110.41,0.03,0.03%,111.8,110.62,122864,09:46 ET
MRO,Marathon Oil Corp,27.75,0.18,0.65%,27.78,27.63,144447,09:46 ET
MS,Morgan Stanley,91.07,-0.07,-0.08%,91.67,91.31,63788,09:46 ET
MSCI,MSCI Inc,552.14,0.8,0.15%,552.05,551.93,3782,09:45 ET
MSFT,Microsoft Corp,423.53,0.67,0.16%,425.99,424.5869,577483,09:46 ET
MSI,Motorola Solutions,347.83,-0.09,-0.03%,347.7,347.02,4004,09:46 ET
MTB,M&T Bank Corp,143.05,0.75,0.53%,143.24,143.24,3006,09:35 ET
MTCH,Match Group Inc,35.52,0.18,0.51%,35.78,35.555,52438,09:46 ET
MTD,Mettler-Toledo International,1317.52,-2.48,-0.19%,1326.37,1316.15,1346,09:45 ET
MU,Micron Technology,120.36,3.23,2.76%,119.4199,118.17,1904980,09:46 ET
NCLH,Norwegian Cruise Ord,20.4,-0.14,-0.68%,20.72,20.59,264290,09:46 ET
NDAQ,Nasdaq Inc,62.18,1.12,1.83%,62.35,61.95,158315,09:46 ET
NDSN,Nordson Corp,268.42,1.27,0.48%,267.39,267.39,768,09:42 ET
NEE,Nextera Energy,62.59,-0.02,-0.03%,62.66,62.53,131571,09:46 ET
NEM,Newmont Mining Corp,34.2,0.28,0.83%,34.74,34.52,501085,09:46 ET
NFLX,Netflix Inc,621.74,-5.72,-0.91%,626.52,621.2,115181,09:46 ET
NI,NiSource Inc,27.12,-0.03,-0.11%,27.16,27.09,24145,09:45 ET
NKE,Nike Inc,93.07,-0.68,-0.73%,93.86,93.35,298502,09:46 ET
NOC,Northrop Grumman Corp,469.95,0.63,0.13%,469.5,469.125,5687,09:44 ET
NOW,Servicenow Inc,780.97,6.33,0.82%,783.98,777.56,23038,09:45 ET
NRG,NRG Energy,68.21,0.08,0.12%,68.181,67.86,34421,09:46 ET
NSC,Norfolk Southern Corp,248.71,0.68,0.27%,248.12,245.6,36289,09:46 ET
NTAP,Netapp Inc,105.32,0.4,0.38%,105.72,105.22,20468,09:46 ET
NTRS,Northern Trust Corp,86.07,0.22,0.26%,86.2,85.72,5610,09:45 ET
NUE,Nucor Corp,195.39,-0.09,-0.05%,196.807,195.5,19119,09:46 ET
NVDA,Nvidia Corp,954.33,4.31,0.45%,959,954.47,1699719,09:46 ET
NVR,NVR Inc,7979.88,72.83,0.92%,7920.0498,7920.0498,164,09:44 ET
NWS,News Corp Cl B,27.01,0.11,0.41%,27.16,26.79,6706,09:46 ET
NWSA,News Corp Cl A,26.14,0.11,0.42%,26.155,26.05,21281,09:46 ET
NXPI,Nxp Semiconductors,242.4,2.06,0.86%,242.3,241.91,16127,09:46 ET
O,Realty Income Corp,52.32,0.15,0.29%,52.42,52.25,211178,09:46 ET
ODFL,Old Dominion Freight Line Inc,437.85,2.82,0.65%,437.85,436.425,3485,09:45 ET
OKE,Oneok Inc,79.06,-0.26,-0.33%,79.27,79.19,34925,09:46 ET
OMC,Omnicom Group Inc,93.2,-0.17,-0.18%,93.61,93.46,7757,09:46 ET
ON,On Semiconductor,73.88,0.34,0.46%,74.16,73.57,66148,09:46 ET
ORCL,Oracle Corp,126.75,0.67,0.53%,126.8,126.5,211646,09:46 ET
ORLY,O'Reilly Automotive,1130.57,-6.5,-0.57%,1131.48,1123.86,8236,09:45 ET
OTIS,Otis Worldwide Corp,99.09,0.05,0.05%,99.23,99,19038,09:44 ET
OXY,Occidental Petroleum Corp,64.29,-0.26,-0.40%,64.6671,64.57,80622,09:45 ET
PANW,Palo Alto Networks Inc,284.92,-0.15,-0.05%,285.97,285.4,77844,09:46 ET
PARA,Paramount Global Cl B,11.47,0.02,0.17%,11.63,11.52,265216,09:46 ET
PAYC,Paycom Software Inc,191.73,0.47,0.25%,192.27,192.27,2366,09:45 ET
PAYX,Paychex Inc,119.08,0.12,0.10%,118.75,118.4,25223,09:46 ET
PCAR,Paccar Inc,123.25,-0.14,-0.11%,123.04,122.3872,45219,09:46 ET
PCG,Pacific Gas & Electric Company,16.5,0.09,0.55%,16.425,16.395,79736,09:45 ET
PEG,Public Service Enterprise Group Inc,66.03,0.71,1.09%,65.505,65.38,21720,09:45 ET
PEP,Pepsico Inc,172.21,-0.39,-0.23%,172.5,172.16,85826,09:45 ET
PFE,Pfizer Inc,27.34,-0.09,-0.33%,27.55,27.4,1682771,09:46 ET
PFG,Principal Financial Group Inc,84.55,0.07,0.08%,84.57,84.49,11865,09:45 ET
PG,Procter & Gamble Company,160.55,0.36,0.22%,160.36,160.285,2458,09:46 ET
PGR,Progressive Corp,206.81,0.79,0.38%,206.185,205.4,17270,09:45 ET
PH,Parker-Hannifin Corp,553.31,2.78,0.50%,550.8,549.86,6684,09:44 ET
PHM,Pultegroup,116.09,0.4,0.35%,116.07,115.83,13791,09:45 ET
PKG,Packaging Corp of America,187.42,0.11,0.06%,187.33,187.32,3842,09:45 ET
PLD,Prologis Inc,125.56,-1.57,-1.23%,126.52,125.475,71556,09:45 ET
PM,Philip Morris International Inc,91.41,0.26,0.29%,91.37,91.2,240250,09:46 ET
PNC,PNC Bank,155.88,0.84,0.54%,155.78,155.06,11517,09:46 ET
PNR,Pentair Ltd,83.19,0.47,0.57%,82.73,82.73,7113,09:44 ET
PNW,Pinnacle West Capital Corp,72.69,0.1,0.14%,72.52,72.495,3779,09:43 ET
PODD,Insulet Corp,164.55,-0.2,-0.12%,167.07,166.44,8636,09:45 ET
POOL,Pool Corp,411.75,3.58,0.88%,411.39,409.32,2943,09:45 ET
PPG,PPG Industries,141.52,0.37,0.26%,141.23,141.12,6310,09:46 ET
PPL,PPL Corp,27.03,-0.03,-0.11%,27.08,27.03,33914,09:46 ET
PRU,Prudential Financial Inc,115.65,0.02,0.02%,115.57,115.39,22108,09:46 ET
PSA,Public Storage,275.58,-0.2,-0.07%,276.19,275.47,10148,09:45 ET
PSX,Phillips 66,156.77,0.31,0.20%,157.11,155.885,66716,09:45 ET
PTC,Ptc Inc,189.76,1.1,0.58%,189.5,189.39,3591,09:45 ET
PWR,Quanta Services,257.26,1.72,0.67%,257.04,256.245,7586,09:42 ET
PXD,Pioneer Natural Resources Company,257.98,-0.23,-0.09%,258.95,258.38,17847,09:46 ET
PYPL,Paypal Holdings,67.06,1.06,1.61%,66.97,66.5,354922,09:46 ET
QCOM,Qualcomm Inc,168.53,1.01,0.60%,168.5,167.74,186488,09:46 ET
QRVO,Qorvo Inc,114.5,0.75,0.66%,113.62,113.315,20941,09:45 ET
RCL,Royal Caribbean Cruises Ltd,136.74,0.47,0.34%,137.877,136.79,56309,09:46 ET
REG,Regency Centers Corp,59.05,-0.05,-0.08%,59.29,59.17,4794,09:45 ET
REGN,Regeneron Pharmaceuticals,962.52,1.43,0.15%,961.99,961.99,3258,09:45 ET
RF,Regions Financial Corp,20.05,0.1,0.50%,20.11,20.01,78021,09:46 ET
RHI,Robert Half Inc,78.26,-0.09,-0.11%,78.78,78.55,4236,09:44 ET
RJF,Raymond James Financial,126.73,0.27,0.21%,127.105,126.63,7930,09:46 ET
RL,Ralph Lauren Corp,183.78,0.9,0.49%,186.41,183.26,18559,09:45 ET
RMD,Resmed Inc,193.92,0.61,0.32%,193.71,192.99,8671,09:43 ET
ROK,Rockwell Automation Inc,285.46,3,1.06%,284.56,284.56,9767,09:45 ET
ROL,Rollins Inc,45.86,-0.04,-0.09%,45.9886,45.74,45687,09:46 ET
ROP,Roper Industries,549.61,-1.33,-0.24%,550.94,549.7,26462,09:45 ET
ROST,Ross Stores Inc,144.96,0.37,0.26%,144.42,144.07,30930,09:46 ET
RSG,Republic Services,189.46,-0.27,-0.14%,189.76,189.33,8632,09:46 ET
RTX,Rtx Corp,96.07,0.44,0.46%,95.75,95.6,49391,09:46 ET
RVTY,Revvity Inc,103.59,0.59,0.57%,103.21,102.98,2738,09:44 ET
SBAC,SBA Communications,216.91,-1.47,-0.67%,218.48,217.505,4294,09:44 ET
SBUX,Starbucks Corp,90.65,-0.02,-0.02%,91,90.73,103397,09:46 ET
SCHW,The Charles Schwab Corp,71.21,-0.12,-0.17%,71.53,71.39,57358,09:45 ET
SHW,Sherwin-Williams Company,342.86,0.86,0.25%,342.23,341.91,12575,09:39 ET
SJM,J.M. Smucker Company,123.59,-0.04,-0.03%,124.03,123.58,12551,09:44 ET
SLB,Schlumberger N.V.,54.35,0.04,0.07%,54.45,54.31,110651,09:46 ET
SMCI,Super Micro Computer,1077.05,34.26,3.29%,1089,1075.5,376032,09:46 ET
SNA,Snap-On Inc,291.42,-0.47,-0.16%,291.96,290.98,2732,09:45 ET
SNPS,Synopsys Inc,589.72,5.4,0.92%,585.525,584.1401,54136,09:46 ET
SO,Southern Company,69.58,-0.18,-0.26%,69.72,69.51,35183,09:46 ET
SPG,Simon Property Group,151.48,0.42,0.28%,151.4399,151.06,13257,09:45 ET
SPGI,S&P Global Inc,418.48,-0.33,-0.08%,419.12,417.245,19006,09:46 ET
SRE,Sempra,69.5,-0.13,-0.19%,69.78,69.61,27144,09:45 ET
STE,Steris Corp,221.78,1.11,0.50%,221.38,221.31,4115,09:45 ET
STLD,Steel Dynamics Inc,144.76,0.61,0.42%,144.925,144.6,5980,09:46 ET
STT,State Street Corp,76.21,0.56,0.74%,76.08,75.65,17983,09:46 ET
STX,Seagate Technology Hldgs Plc,95.45,7.24,8.21%,94.865,92.76,312235,09:46 ET
STZ,Constellation Brands Inc,269.92,-0.52,-0.19%,271.07,270.02,11984,09:46 ET
SWK,Stanley Black & Decker Inc,94.53,0.1,0.11%,94.66,94.4701,8145,09:46 ET
SWKS,Skyworks Solutions,105.86,0.9,0.86%,105.38,104.88,34628,09:46 ET
SYF,Synchrony Financial,41.52,0.2,0.48%,41.55,41.37,29659,09:46 ET
SYK,Stryker Corp,352.57,1.54,0.44%,352.12,351.17,12629,09:46 ET
SYY,Sysco Corp,81.35,0.47,0.58%,81.1,80.95,21680,09:45 ET
T,AT&T Inc,17.11,-0.01,-0.06%,17.15,17.13,1649948,09:46 ET
TAP,Molson Coors Brewing Company,68.05,0.38,0.56%,67.93,67.76,14210,09:43 ET
TDG,Transdigm Group Inc,1221.39,-2.02,-0.17%,1226.795,1226.16,1319,09:41 ET
TDY,Teledyne Technologies Inc,422.79,0.78,0.18%,422.79,422.79,1112,3/26/2024
TECH,Bio-Techne Cp,68.97,-0.25,-0.36%,69.45,69.22,3233,09:46 ET
TEL,Te Connectivity Ltd,142.08,0.47,0.33%,141.93,141.4375,13163,09:46 ET
TER,Teradyne Inc,110.03,1.13,1.04%,109.6,108.9,14063,09:46 ET
TFC,Truist Financial Corp,37.75,0.15,0.40%,37.85,37.7,77191,09:46 ET
TFX,Teleflex Inc,219.6,-0.05,-0.02%,220.53,220.53,890,09:45 ET
TGT,Target Corp,173.61,0.95,0.55%,173.49,172.6,152812,09:45 ET
TJX,TJX Companies,98.62,0.44,0.45%,98.45,98.21,52434,09:45 ET
TMO,Thermo Fisher Scientific Inc,574.5,0.94,0.16%,574.42,572.56,23873,09:45 ET
TMUS,T-Mobile US,160.9,-0.22,-0.14%,160.62,160.07,83929,09:46 ET
TPR,Tapestry Inc,45.49,-0.06,-0.13%,45.98,45.71,37568,09:46 ET
TRGP,Targa Resources,111.18,-0.43,-0.39%,111.68,111.27,67385,09:45 ET
TRMB,Trimble Navigation,63.64,0.54,0.86%,63.445,63.13,10111,09:46 ET
TROW,T Rowe Price Group,119.11,0.78,0.66%,119.46,119.12,16010,09:45 ET
TRV,The Travelers Companies Inc,224.61,-0.92,-0.41%,225.64,224.325,11770,09:44 ET
TSCO,Tractor Supply Company,259.36,0.68,0.26%,259.15,258.01,7577,09:44 ET
TSLA,Tesla Inc,182.95,10.32,5.98%,179.8199,178.05,7431301,09:46 ET
TSN,Tyson Foods,58.47,0.02,0.03%,58.595,58.36,15442,09:45 ET
TT,Trane Technologies Plc,300.64,1.01,0.34%,299,299,5299,09:45 ET
TTWO,Take-Two Interactive,147.04,0.9,0.62%,148.7,147.135,51161,09:45 ET
TXN,Texas Instruments,171.7,0.85,0.50%,171.48,170.87,39703,09:46 ET
TXT,Textron Inc,95.9,0.18,0.19%,95.82,95.7999,9343,09:46 ET
TYL,Tyler Technologies,420.26,0.01,0.00%,420,417.38,1986,09:41 ET
UAL,United Airlines Holdings Inc,45.23,0.34,0.76%,45.2,44.97,166306,09:46 ET
UBER,Uber Technologies Inc,78.81,-0.6,-0.76%,80.18,79.61,187845,09:46 ET
UDR,United Dominion Realty Trust,36.78,-0.1,-0.27%,36.94,36.79,7111,09:46 ET
UHS,Universal Health Services,177.75,-0.1,-0.06%,177.975,177.4,4043,09:44 ET
ULTA,Ulta Beauty Inc,511.41,5.84,1.16%,507.5,505,16550,09:46 ET
UNH,Unitedhealth Group Inc,488.39,2.51,0.52%,488.13,485.98,71775,09:46 ET
UNP,Union Pacific Corp,243.37,-0.48,-0.20%,244.1,243.39,33893,09:45 ET
UPS,United Parcel Service,152.38,-4.19,-2.68%,157.99,157.11,139980,09:46 ET
URI,United Rentals,709.3,4.86,0.69%,707.01,706.34,3684,09:45 ET
USB,U.S. Bancorp,43.9,0.35,0.80%,44,43.82,101320,09:46 ET
V,Visa Inc,278.61,-2.6,-0.92%,284.13,282.7,149350,09:46 ET
VFC,V.F. Corp,14.61,0.14,0.97%,14.8199,14.62,139719,09:46 ET
VICI,Vici Properties Inc,28.94,0.12,0.42%,28.875,28.79,57627,09:46 ET
VLO,Valero Energy Corp,169.16,0.67,0.40%,169.915,168.7,208211,09:46 ET
VLTO,Veralto Corporation,89.9,0.5,0.56%,89.36,89.36,437,09:45 ET
VMC,Vulcan Materials Company,273.76,1.14,0.42%,272.66,272.66,4627,09:46 ET
VRSK,Verisk Analytics Inc,231.56,-0.44,-0.19%,232.18,231.545,8530,09:46 ET
VRSN,Verisign Inc,187.46,0.27,0.14%,187.21,187.12,2882,09:46 ET
VRTX,Vertex Pharmaceutic,416.71,0.68,0.16%,417.38,417,13108,09:46 ET
VTR,Ventas Inc,42.8,0.15,0.35%,42.79,42.65,13032,09:45 ET
VTRS,Viatris Inc,11.88,0.05,0.42%,11.945,11.85,198553,09:46 ET
VZ,Verizon Communications Inc,40.75,-0.12,-0.29%,40.87,40.8,1015474,09:46 ET
WAB,Wabtec Corp,143.03,0.2,0.14%,142.59,141.85,6169,09:44 ET
WAT,Waters Corp,343.21,0.49,0.14%,343.03,343.03,1600,09:43 ET
WBA,Walgreens Boots Alliance,20.45,-0.18,-0.87%,20.54,20.2907,681934,09:46 ET
WBD,Discovery Inc Series A,8.4,-0.06,-0.71%,8.5295,8.4718,428203,09:46 ET
WDC,Western Digital Cp,67.42,2.44,3.76%,67.005,65.54,325574,09:46 ET
WEC,Wisconsin Energy Corp,79.91,0.01,0.01%,79.91,79.84,16431,09:45 ET
WELL,Welltower Inc,92.03,0.76,0.83%,91.55,91.33,14711,09:45 ET
WFC,Wells Fargo & Company,56.8,0.07,0.12%,57.15,56.95,281728,09:46 ET
WM,Waste Management,211.68,-0.09,-0.04%,211.72,211.3801,97157,09:46 ET
WMB,Williams Companies,38.22,0.01,0.03%,38.25,38.2,38099,09:46 ET
WMT,Walmart Inc,60.68,0.11,0.18%,60.48,60.23,317731,09:46 ET
WRB,W.R. Berkley Corp,86.6,-0.12,-0.14%,86.42,86.21,9274,09:44 ET
WRK,Westrock Company,48.93,0.24,0.49%,49.16,49.04,45003,09:45 ET
WST,West Pharmaceutical Services,387.42,-0.97,-0.25%,388.64,386.83,3037,09:43 ET
WTW,Willis Towers Watson Public Ltd,273.74,0.02,0.01%,273.74,272.71,7009,09:45 ET
WY,Weyerhaeuser Company,35.69,0.2,0.56%,35.695,35.5901,80564,09:46 ET
WYNN,Wynn Resorts Ltd,100.39,0.98,0.99%,100.37,99.8,18239,09:45 ET
XEL,XCEL Energy Inc,52.52,0.04,0.08%,52.51,52.4031,25699,09:46 ET
XOM,Exxon Mobil Corp,114.39,-0.26,-0.23%,114.92,114.59,39065,09:46 ET
XRAY,Dentsply Sirona Inc,32.9,0.06,0.18%,32.91,32.91,4628,09:43 ET
XYL,Xylem Inc,128.02,0.26,0.20%,127.71,127.26,13081,09:45 ET
YUM,Yum! Brands,134.77,0.15,0.11%,135.35,134.78,7336,09:46 ET
ZBH,Zimmer Biomet Holdings,128.43,0.52,0.41%,128.37,128.37,6404,09:44 ET
ZBRA,Zebra Technologies,300.28,2.34,0.79%,300.77,299.465,6160,3/26/2024
ZTS,Zoetis Inc Cl A,165.85,-1.96,-1.17%,169.23,167.04,106815,09:46 ET
